model_name,test_miou,test_accuracy,test_recall,test_f1,test_precision,test_kappa
SDCANet,0.7853716949744758,0.9868123372395833,0.8593847983081708,0.8578739401031747,0.8619462229519936,0.7158162410906936